method,lambda,cost,performance
CoRE,0.0,2535.9621649983856,0.7951808201485309
CARROT-Linear,0.0,2535.54018404908,0.7950678075556991
MIRT,0.0,2897.7352518566354,0.7970132386180174
CoRE,1.01010101010101e-06,2502.31821924443,0.7949063609945107
CARROT-Linear,1.01010101010101e-06,2516.919276719406,0.794987084275105
MIRT,1.01010101010101e-06,2866.5529867613823,0.7971746851792058
CoRE,2.02020202020202e-06,2468.102873748789,0.7949386503067485
CARROT-Linear,2.02020202020202e-06,2492.1063044882144,0.7936470778172425
MIRT,2.02020202020202e-06,2839.229996771069,0.7975137229577008
CoRE,3.03030303030303e-06,2436.0952696157574,0.7947933484016791
CARROT-Linear,3.03030303030303e-06,2470.1325637713912,0.7935017759121732
MIRT,3.03030303030303e-06,2803.2262996448176,0.7983209557636421
CoRE,4.04040404040404e-06,2411.755295447207,0.7946319018404906
CARROT-Linear,4.04040404040404e-06,2449.2228769777203,0.7929690022602518
MIRT,4.04040404040404e-06,2763.3756457862446,0.7978689053923151
CoRE,5.050505050505051e-06,2382.9037617048757,0.7945027445915401
CARROT-Linear,5.050505050505051e-06,2429.0438488860186,0.792872134323539
MIRT,5.050505050505051e-06,2713.0643364546336,0.7981272198902164
CoRE,6.06060606060606e-06,2355.9885050048433,0.7939215369712624
CARROT-Linear,6.06060606060606e-06,2406.8716984178236,0.7919034549564095
MIRT,6.06060606060606e-06,2666.632757507265,0.797691314175008
CoRE,7.0707070707070704e-06,2326.3863658379073,0.7939699709396191
CARROT-Linear,7.0707070707070704e-06,2389.9150064578625,0.7916451404585082
MIRT,7.0707070707070704e-06,2624.905973522764,0.796964804649661
CoRE,8.08080808080808e-06,2299.7319099128185,0.7931950274459155
CARROT-Linear,8.08080808080808e-06,2363.9128350016144,0.7919680335808847
MIRT,8.08080808080808e-06,2584.2165805618342,0.7966419115272844
CoRE,9.090909090909091e-06,2264.483726186632,0.7927752663868259
CARROT-Linear,9.090909090909091e-06,2345.113335485954,0.7916774297707458
MIRT,9.090909090909091e-06,2534.5513884404263,0.7960122699386503
CoRE,1.0101010101010101e-05,2229.035849208912,0.7927106877623507
CARROT-Linear,1.0101010101010101e-05,2314.908023894091,0.7904827252179528
MIRT,1.0101010101010101e-05,2483.6830481110755,0.7947368421052632
CoRE,1.1111111111111112e-05,2198.636858249919,0.7926622537939942
CARROT-Linear,1.1111111111111112e-05,2290.389796577333,0.7904342912495965
MIRT,1.1111111111111112e-05,2437.309420406845,0.7947691314175008
CoRE,1.212121212121212e-05,2164.664279948337,0.7930820148530837
CARROT-Linear,1.212121212121212e-05,2254.989126574104,0.7900952534711011
MIRT,1.212121212121212e-05,2381.985849208912,0.7935905715208266
CoRE,1.313131313131313e-05,2130.908927994834,0.7922586373910235
CARROT-Linear,1.313131313131313e-05,2233.8025347110106,0.7894979011947046
MIRT,1.313131313131313e-05,2333.048974814337,0.7931546658056183
CoRE,1.4141414141414141e-05,2104.2188327413623,0.7915321278656765
CARROT-Linear,1.4141414141414141e-05,2211.1726670971907,0.789384888601873
MIRT,1.4141414141414141e-05,2280.220810461737,0.7928317726832417
CoRE,1.5151515151515151e-05,2082.9827736519214,0.7909832095576365
CARROT-Linear,1.5151515151515151e-05,2187.7637310300292,0.7889166935744268
MIRT,1.5151515151515151e-05,2235.383919922506,0.7929609299321925
CoRE,1.616161616161616e-05,2055.5655069422023,0.7907733290280916
CARROT-Linear,1.616161616161616e-05,2163.032894736842,0.7883031966419115
MIRT,1.616161616161616e-05,2188.7657571843724,0.7915402001937359
CoRE,1.717171717171717e-05,2027.972812399096,0.7900952534711011
CARROT-Linear,1.717171717171717e-05,2143.1434775589278,0.7883031966419115
MIRT,1.717171717171717e-05,2139.7616322247336,0.7899418792379722
CoRE,1.8181818181818182e-05,2006.0022844688406,0.7894979011947045
CARROT-Linear,1.8181818181818182e-05,2124.174741685502,0.7873022279625442
MIRT,1.8181818181818182e-05,2094.401428802066,0.7891830804003875
CoRE,1.919191919191919e-05,1978.8381013884407,0.789546335163061
CARROT-Linear,1.919191919191919e-05,2099.8120116241525,0.786608007749435
MIRT,1.919191919191919e-05,2049.7564740071034,0.7894575395544076
CoRE,2.0202020202020203e-05,1945.3539877300616,0.7888359702938327
CARROT-Linear,2.0202020202020203e-05,2081.678656764611,0.7857039070067808
MIRT,2.0202020202020203e-05,1992.3040200193736,0.7884081369066839
CoRE,2.121212121212121e-05,1922.966475621569,0.7884646432030997
CARROT-Linear,2.121212121212121e-05,2059.60249434937,0.7844607684856314
MIRT,2.121212121212121e-05,1950.8411688731028,0.7863093316112366
CoRE,2.2222222222222223e-05,1902.0581449790118,0.7873345172747821
CARROT-Linear,2.2222222222222223e-05,2039.224588311269,0.7839925734581854
MIRT,2.2222222222222223e-05,1913.6409105586051,0.7848401679044237
CoRE,2.3232323232323232e-05,1874.0557394252503,0.7871730707135938
CARROT-Linear,2.3232323232323232e-05,2018.1236196319016,0.7835243784307394
MIRT,2.3232323232323232e-05,1858.080973522764,0.7829512431385212
CoRE,2.424242424242424e-05,1846.9935824991928,0.7859460768485631
CARROT-Linear,2.424242424242424e-05,1997.7587665482727,0.7824103971585405
MIRT,2.424242424242424e-05,1828.1102518566356,0.781126896997094
CoRE,2.5252525252525253e-05,1821.1348643848885,0.784670649015176
CARROT-Linear,2.5252525252525253e-05,1973.0445915402001,0.7816838876331934
MIRT,2.5252525252525253e-05,1787.6337181143042,0.7802389409105587
CoRE,2.626262626262626e-05,1793.4492492734905,0.784767516951889
CARROT-Linear,2.626262626262626e-05,1950.6316193090088,0.7818453341943816
MIRT,2.626262626262626e-05,1752.9993622860832,0.7787051985792705
CoRE,2.7272727272727273e-05,1767.9146028414596,0.7844284791733936
CARROT-Linear,2.7272727272727273e-05,1919.2364788505006,0.780521472392638
MIRT,2.7272727272727273e-05,1724.6711414271876,0.7776719405876654
CoRE,2.8282828282828282e-05,1740.1307636422343,0.7837261866322248
CARROT-Linear,2.8282828282828282e-05,1904.8030997739745,0.7798433968356474
MIRT,2.8282828282828282e-05,1693.2905634484985,0.7756700032289312
CoRE,2.9292929292929294e-05,1713.2486519212139,0.7836777526638683
CARROT-Linear,2.9292929292929294e-05,1881.940313206329,0.7796335163061026
MIRT,2.9292929292929294e-05,1666.631958346787,0.7745721666128512
CoRE,3.0303030303030302e-05,1691.5356474007106,0.7827897965773329
CARROT-Linear,3.0303030303030302e-05,1862.024451081692,0.7793832741362609
MIRT,3.0303030303030302e-05,1639.2971585405228,0.7733613174039393
CoRE,3.131313131313131e-05,1666.592670326122,0.782886664514046
CARROT-Linear,3.131313131313131e-05,1838.7291088149823,0.7783984501130126
MIRT,3.131313131313131e-05,1613.3812883435583,0.7707458831126897
CoRE,3.232323232323232e-05,1647.7779221827575,0.7824023248304812
CARROT-Linear,3.232323232323232e-05,1813.2375121084924,0.7777526638682596
MIRT,3.232323232323232e-05,1581.2219809493056,0.7698256377139168
CoRE,3.3333333333333335e-05,1626.636567646109,0.781401356151114
CARROT-Linear,3.3333333333333335e-05,1789.6162738133676,0.7768485631256055
MIRT,3.3333333333333335e-05,1553.3204552793027,0.768421052631579
CoRE,3.434343434343434e-05,1607.5486761381983,0.7810461737164998
CARROT-Linear,3.434343434343434e-05,1762.6838230545688,0.7761381982563771
MIRT,3.434343434343434e-05,1527.869405876655,0.7665967064901518
CoRE,3.535353535353535e-05,1585.6721504681952,0.7812560542460446
CARROT-Linear,3.535353535353535e-05,1740.4856958346784,0.775234097513723
MIRT,3.535353535353535e-05,1499.1528898934453,0.764740071036487
CoRE,3.6363636363636364e-05,1570.327171456248,0.7807232805941233
CARROT-Linear,3.6363636363636364e-05,1712.0623264449468,0.7738133677752664
MIRT,3.6363636363636364e-05,1476.80324507588,0.7634969325153375
CoRE,3.7373737373737376e-05,1552.4681385211495,0.7799644817565387
CARROT-Linear,3.7373737373737376e-05,1691.4836373910236,0.7734581853406522
MIRT,3.7373737373737376e-05,1453.3865272844687,0.7624152405553762
CoRE,3.838383838383838e-05,1529.8457781724248,0.7790603810138844
CARROT-Linear,3.838383838383838e-05,1665.3295124313852,0.772376493380691
MIRT,3.838383838383838e-05,1433.4579189538263,0.7604617371649985
CoRE,3.939393939393939e-05,1508.143986115596,0.7785760413303197
CARROT-Linear,3.939393939393939e-05,1643.880150145302,0.7715692605747496
MIRT,3.939393939393939e-05,1408.2369147562156,0.7590571520826607
CoRE,4.0404040404040405e-05,1490.700460122699,0.7771068776235067
CARROT-Linear,4.0404040404040405e-05,1623.4004843396835,0.7711010655473038
MIRT,4.0404040404040405e-05,1374.441031643526,0.7575879883758476
CoRE,4.141414141414141e-05,1469.4481191475622,0.7756700032289312
CARROT-Linear,4.141414141414141e-05,1603.8188811753307,0.7710203422667097
MIRT,4.141414141414141e-05,1348.1314255731354,0.7550209880529545
CoRE,4.242424242424242e-05,1456.2796900226024,0.7753793994187925
CARROT-Linear,4.242424242424242e-05,1587.483257991605,0.7701000968679367
MIRT,4.242424242424242e-05,1327.2382789796577,0.7534711010655473
CoRE,4.3434343434343435e-05,1441.234807878592,0.7740555376170487
CARROT-Linear,4.3434343434343435e-05,1571.422457216661,0.7691798514691638
MIRT,4.3434343434343435e-05,1295.525678075557,0.751000968679367
CoRE,4.4444444444444447e-05,1427.0020019373585,0.7732805941233453
CARROT-Linear,4.4444444444444447e-05,1553.8182515337423,0.7697772037455602
MIRT,4.4444444444444447e-05,1270.4888844042623,0.7494349370358412
CoRE,4.545454545454545e-05,1409.5674200839521,0.7723119147562156
CARROT-Linear,4.545454545454545e-05,1532.3939215369712,0.7695027445915402
MIRT,4.545454545454545e-05,1240.1977316758152,0.747158540523087
CoRE,4.6464646464646464e-05,1389.231247981918,0.7712463674523733
CARROT-Linear,4.6464646464646464e-05,1517.3324184694866,0.7690829835324507
MIRT,4.6464646464646464e-05,1219.7698417823701,0.745770100096868
CoRE,4.7474747474747476e-05,1371.37200516629,0.7700193735873426
CARROT-Linear,4.7474747474747476e-05,1494.448369389732,0.7681788827897966
MIRT,4.7474747474747476e-05,1189.0500968679366,0.742815628027123
CoRE,4.848484848484848e-05,1353.6945350339038,0.7690184049079755
CARROT-Linear,4.848484848484848e-05,1478.7371649983854,0.7667097190829836
MIRT,4.848484848484848e-05,1166.9654181465933,0.741443332257023
CoRE,4.949494949494949e-05,1336.1740958992573,0.7675330965450436
CARROT-Linear,4.949494949494949e-05,1461.830440749112,0.76675815305134
MIRT,4.949494949494949e-05,1149.1820309977397,0.7403132063287052
CoRE,5.0505050505050505e-05,1322.1768162738133,0.7671133354859542
CARROT-Linear,5.0505050505050505e-05,1445.645398773006,0.7659186309331611
MIRT,5.0505050505050505e-05,1127.213182111721,0.738957055214724
CoRE,5.151515151515152e-05,1302.3101388440425,0.7663061026800129
CARROT-Linear,5.151515151515152e-05,1426.1258153051342,0.764820794317081
MIRT,5.151515151515152e-05,1101.1786083306424,0.736745237326445
CoRE,5.252525252525252e-05,1287.6637713916693,0.7652567000322893
CARROT-Linear,5.252525252525252e-05,1407.6131094607688,0.7640135615111399
MIRT,5.252525252525252e-05,1075.2129883758475,0.7339360671617694
CoRE,5.3535353535353534e-05,1267.4003551824346,0.7633516306102681
CARROT-Linear,5.3535353535353534e-05,1390.3238940910558,0.7630287374878915
MIRT,5.3535353535353534e-05,1052.7945834678721,0.7328220858895707
CoRE,5.4545454545454546e-05,1244.3499515660317,0.7619954794962868
CARROT-Linear,5.4545454545454546e-05,1374.5922182757506,0.7621892153697126
MIRT,5.4545454545454546e-05,1019.112495963836,0.7306264126574104
CoRE,5.555555555555556e-05,1230.7221181788827,0.7608976428802067
CARROT-Linear,5.555555555555556e-05,1358.666548272522,0.7620923474329996
MIRT,5.555555555555556e-05,992.8971746851792,0.7278818211172102
CoRE,5.6565656565656563e-05,1212.6024216984176,0.7601711333548595
CARROT-Linear,5.6565656565656563e-05,1340.7677510494027,0.7606393283823054
MIRT,5.6565656565656563e-05,965.9632144010333,0.7260090410074266
CoRE,5.7575757575757575e-05,1192.8788827897968,0.7595737810784631
CARROT-Linear,5.7575757575757575e-05,1329.1546496609624,0.760590894413949
MIRT,5.7575757575757575e-05,940.9640700678075,0.7241362608976427
CoRE,5.858585858585859e-05,1171.166314175008,0.758120762027769
CARROT-Linear,5.858585858585859e-05,1312.0090732967387,0.7588957055214725
MIRT,5.858585858585859e-05,922.7691717791411,0.722102034226671
CoRE,5.959595959595959e-05,1151.8492492734904,0.756813044882144
CARROT-Linear,5.959595959595959e-05,1294.2988133677752,0.758556667742977
MIRT,5.959595959595959e-05,907.9347836616081,0.7207620277688085
CoRE,6.0606060606060605e-05,1133.9783015821763,0.7553277365192121
CARROT-Linear,6.0606060606060605e-05,1276.8564497901193,0.7573538908621247
MIRT,6.0606060606060605e-05,889.6618582499194,0.7190184049079755
CoRE,6.161616161616162e-05,1114.4166612851145,0.7537859218598644
CARROT-Linear,6.161616161616162e-05,1261.3193412980304,0.7566273813367775
MIRT,6.161616161616162e-05,867.5306587019695,0.7173716499838554
CoRE,6.262626262626262e-05,1094.0856393283823,0.7524782047142395
CARROT-Linear,6.262626262626262e-05,1250.21821924443,0.7553358088472716
MIRT,6.262626262626262e-05,844.8118743945754,0.71593477558928
CoRE,6.363636363636364e-05,1070.3534549564095,0.7503955440749112
CARROT-Linear,6.363636363636364e-05,1238.3031239909592,0.7543832741362608
MIRT,6.363636363636364e-05,822.5294317081045,0.7134646432030998
CoRE,6.464646464646465e-05,1047.5439457539555,0.7493299967710688
CARROT-Linear,6.464646464646465e-05,1223.162657410397,0.7538343558282209
MIRT,6.464646464646465e-05,803.0161446561189,0.7119470455279301
CoRE,6.565656565656565e-05,1027.8445511785599,0.7485066193090087
CARROT-Linear,6.565656565656565e-05,1210.648764933807,0.7530594123345173
MIRT,6.565656565656565e-05,783.4816758153052,0.7109299321924443
CoRE,6.666666666666667e-05,1007.3544155634485,0.7473442040684533
CARROT-Linear,6.666666666666667e-05,1198.9429124959638,0.7519131417500807
MIRT,6.666666666666667e-05,767.2933887633193,0.7089602841459477
CoRE,6.767676767676768e-05,983.5681304488214,0.7460203422667098
CARROT-Linear,6.767676767676768e-05,1179.5725056506296,0.7500887956086536
MIRT,6.767676767676768e-05,756.6434614142718,0.7077817242492734
CoRE,6.868686868686868e-05,967.7619470455279,0.7435663545366483
CARROT-Linear,6.868686868686868e-05,1170.873248304811,0.7498143364546336
MIRT,6.868686868686868e-05,736.8798756861478,0.705618340329351
CoRE,6.96969696969697e-05,948.7672989990314,0.7417904423635776
CARROT-Linear,6.96969696969697e-05,1156.8172828543752,0.7493945753955442
MIRT,6.96969696969697e-05,721.2727236034873,0.7040361640297064
CoRE,7.07070707070707e-05,927.1842589602843,0.7400306748466258
CARROT-Linear,7.07070707070707e-05,1137.850282531482,0.7481514368743944
MIRT,7.07070707070707e-05,704.907886664514,0.7022763965127544
CoRE,7.171717171717172e-05,913.2792864061996,0.739546335163061
CARROT-Linear,7.171717171717172e-05,1124.3320229254116,0.7469082983532451
MIRT,7.171717171717172e-05,690.4877058443655,0.700936390054892
CoRE,7.272727272727273e-05,896.8325637713917,0.7381256054246045
CARROT-Linear,7.272727272727273e-05,1114.6047303842429,0.7464078140135615
MIRT,7.272727272727273e-05,675.7663868259606,0.7003874717468518
CoRE,7.373737373737373e-05,886.2691152728447,0.7374313852114951
CARROT-Linear,7.373737373737373e-05,1103.3044074911204,0.7451485308362932
MIRT,7.373737373737373e-05,661.6602034226671,0.6987568614788505
CoRE,7.474747474747475e-05,875.8512431385211,0.7364788505004843
CARROT-Linear,7.474747474747475e-05,1088.525282531482,0.7441959961252825
MIRT,7.474747474747475e-05,656.4117048756862,0.698337100419761
CoRE,7.575757575757576e-05,858.805707135938,0.7347836616080078
CARROT-Linear,7.575757575757576e-05,1074.1633354859541,0.7427106877623507
MIRT,7.575757575757576e-05,646.0781804972554,0.6971585405230868
CoRE,7.676767676767676e-05,840.0976993865031,0.7338311268969971
CARROT-Linear,7.676767676767676e-05,1059.1292864061998,0.7424685179205683
MIRT,7.676767676767676e-05,637.8008798837584,0.6960122699386504
CoRE,7.777777777777778e-05,820.8741766225379,0.7320390700678076
CARROT-Linear,7.777777777777778e-05,1039.0460607039072,0.7403374233128835
MIRT,7.777777777777778e-05,625.0736680658702,0.6944139489828868
CoRE,7.878787878787879e-05,802.3517597675169,0.7305214723926381
CARROT-Linear,7.878787878787879e-05,1024.0340410074266,0.738448498546981
MIRT,7.878787878787879e-05,612.9924927349048,0.6936551501453019
CoRE,7.979797979797979e-05,784.6962786567647,0.7291007426541815
CARROT-Linear,7.979797979797979e-05,1005.8148369389731,0.7365757184371974
MIRT,7.979797979797979e-05,602.1071278656764,0.692347432999677
CoRE,8.080808080808081e-05,763.6516063932838,0.7278091701646755
CARROT-Linear,8.080808080808081e-05,989.0612124636745,0.735687762350662
MIRT,8.080808080808081e-05,596.6889005489182,0.6917662253793995
CoRE,8.181818181818182e-05,752.1400548918308,0.7266628995802391
CARROT-Linear,8.181818181818182e-05,965.6790361640298,0.7330400387471748
MIRT,8.181818181818182e-05,584.356247981918,0.6905230868582499
CoRE,8.282828282828282e-05,734.6008798837585,0.7244187923797223
CARROT-Linear,8.282828282828282e-05,949.9690668388764,0.7327978689053924
MIRT,8.282828282828282e-05,576.39292864062,0.6893606716176944
CoRE,8.383838383838384e-05,720.0671456247983,0.7220455279302551
CARROT-Linear,8.383838383838384e-05,930.0792298999031,0.7312641265741039
MIRT,8.383838383838384e-05,565.3352599289635,0.6877946399741686
CoRE,8.484848484848485e-05,704.7208508233775,0.7210607039070068
CARROT-Linear,8.484848484848485e-05,916.5234339683566,0.7301178559896675
MIRT,8.484848484848485e-05,558.6884000645787,0.6869551178559896
CoRE,8.585858585858586e-05,695.4711737164998,0.7193655150145302
CARROT-Linear,8.585858585858586e-05,894.1355828220859,0.7283742331288345
MIRT,8.585858585858586e-05,552.299321924443,0.6858734258960283
CoRE,8.686868686868687e-05,685.1272198902163,0.7185098482402325
CARROT-Linear,8.686868686868687e-05,876.7398611559572,0.7265983209557637
MIRT,8.686868686868687e-05,546.4763965127543,0.6851469163706814
CoRE,8.787878787878787e-05,670.5352114949952,0.7176541814659347
CARROT-Linear,8.787878787878787e-05,862.6061349693252,0.7258072328059413
MIRT,8.787878787878787e-05,541.1753713270907,0.6845495640942848
CoRE,8.888888888888889e-05,663.2953987730061,0.7167662253793994
CARROT-Linear,8.888888888888889e-05,852.4792379722311,0.7248546980949305
MIRT,8.888888888888889e-05,537.0148369389732,0.6842589602841458
CoRE,8.98989898989899e-05,654.539409105586,0.7159751372295771
CARROT-Linear,8.98989898989899e-05,839.7546658056184,0.7224975783015822
MIRT,8.98989898989899e-05,531.4435340652244,0.6838391992250564
CoRE,9.09090909090909e-05,638.3781804972555,0.7145544074911204
CARROT-Linear,9.09090909090909e-05,822.7611236680659,0.7206409428479172
MIRT,9.09090909090909e-05,529.3585243784307,0.6837584759444625
CoRE,9.191919191919192e-05,628.9802066515983,0.7138117533096545
CARROT-Linear,9.191919191919192e-05,807.8679770745883,0.7200920245398773
MIRT,9.191919191919192e-05,523.9774862770423,0.6835001614465611
CoRE,9.292929292929293e-05,620.6349047465288,0.7128107846302874
CARROT-Linear,9.292929292929293e-05,790.6388763319341,0.7181062318372619
MIRT,9.292929292929293e-05,519.5641911527284,0.6833710041976107
CoRE,9.393939393939393e-05,610.8974491443332,0.7118098159509204
CARROT-Linear,9.393939393939393e-05,779.5615192121408,0.7177994833710042
MIRT,9.393939393939393e-05,512.8807797868906,0.6822731675815306
CoRE,9.494949494949495e-05,601.297965773329,0.711099451081692
CARROT-Linear,9.494949494949495e-05,764.1255731352924,0.7168469486599934
MIRT,9.494949494949495e-05,508.72299806264124,0.6818372618663223
CoRE,9.595959595959596e-05,594.3231756538586,0.7100177591217308
CARROT-Linear,9.595959595959596e-05,749.1250403616403,0.7152809170164676
MIRT,9.595959595959596e-05,502.8623829512431,0.6807232805941235
CoRE,9.696969696969696e-05,589.285598966742,0.709711010655473
CARROT-Linear,9.696969696969696e-05,731.6786890539231,0.7143445269615758
MIRT,9.696969696969696e-05,497.40690184049083,0.6805456893768163
CoRE,9.797979797979798e-05,576.2871327090733,0.7088069099128189
CARROT-Linear,9.797979797979798e-05,716.4399015175977,0.713214401033258
MIRT,9.797979797979798e-05,492.79409105586046,0.6804649660962222
CoRE,9.898989898989899e-05,569.1863819825638,0.7081772683241848
CARROT-Linear,9.898989898989899e-05,696.847554084598,0.7110671617694544
MIRT,9.898989898989899e-05,486.88075556990634,0.6795285760413303
CoRE,0.0001,561.8752744591541,0.7072893122376495
CARROT-Linear,0.0001,676.9318937681627,0.7096787213432354
MIRT,0.0001,483.7617775266387,0.6793348401679045
